Message,XPath,XML Tag,Type,MinOccurs,MaxOccurs
pacs.029.001.02,/Document,Document,Document,1,1
pacs.029.001.02,/Document/MulSttlmReq,MulSttlmReq,MultilateralSettlementRequestV02,1,1
pacs.029.001.02,/Document/MulSttlmReq/GrpHdr,GrpHdr,GroupHeader104,1,1
pacs.029.001.02,/Document/MulSttlmReq/GrpHdr/MsgId,MsgId,Max35Text,1,1
pacs.029.001.02,/Document/MulSttlmReq/GrpHdr/CreDtTm,CreDtTm,ISODateTime,1,1
pacs.029.001.02,/Document/MulSttlmReq/GrpHdr/NbOfSttlmReqs,NbOfSttlmReqs,Max15NumericText,1,1
pacs.029.001.02,/Document/MulSttlmReq/GrpHdr/CtrlSum,CtrlSum,DecimalNumber,0,1
pacs.029.001.02,/Document/MulSttlmReq/GrpHdr/SttlmInf,SttlmInf,SettlementInstruction14,0,1
pacs.029.001.02,/Document/MulSttlmReq/GrpHdr/SttlmInf/SttlmMtd,SttlmMtd,SettlementMethod2Code,1,1
pacs.029.001.02,/Document/MulSttlmReq/GrpHdr/SttlmInf/SttlmAcct,SttlmAcct,CashAccount40,0,1
pacs.029.001.02,/Document/MulSttlmReq/GrpHdr/SttlmInf/SttlmAcct/Id,Id,AccountIdentification4Choice,0,1
pacs.029.001.02,/Document/MulSttlmReq/GrpHdr/SttlmInf/SttlmAcct/Id/IBAN,IBAN,IBAN2007Identifier,1,1
pacs.029.001.02,/Document/MulSttlmReq/GrpHdr/SttlmInf/SttlmAcct/Id/Othr,Othr,GenericAccountIdentification1,1,1
pacs.029.001.02,/Document/MulSttlmReq/GrpHdr/SttlmInf/SttlmAcct/Id/Othr/Id,Id,Max34Text,1,1
pacs.029.001.02,/Document/MulSttlmReq/GrpHdr/SttlmInf/SttlmAcct/Id/Othr/SchmeNm,SchmeNm,AccountSchemeName1Choice,0,1
pacs.029.001.02,/Document/MulSttlmReq/GrpHdr/SttlmInf/SttlmAcct/Id/Othr/SchmeNm/Cd,Cd,ExternalAccountIdentification1Code,1,1
pacs.029.001.02,/Document/MulSttlmReq/GrpHdr/SttlmInf/SttlmAcct/Id/Othr/SchmeNm/Prtry,Prtry,Max35Text,1,1
pacs.029.001.02,/Document/MulSttlmReq/GrpHdr/SttlmInf/SttlmAcct/Id/Othr/Issr,Issr,Max35Text,0,1
pacs.029.001.02,/Document/MulSttlmReq/GrpHdr/SttlmInf/SttlmAcct/Tp,Tp,CashAccountType2Choice,0,1
pacs.029.001.02,/Document/MulSttlmReq/GrpHdr/SttlmInf/SttlmAcct/Tp/Cd,Cd,ExternalCashAccountType1Code,1,1
pacs.029.001.02,/Document/MulSttlmReq/GrpHdr/SttlmInf/SttlmAcct/Tp/Prtry,Prtry,Max35Text,1,1
pacs.029.001.02,/Document/MulSttlmReq/GrpHdr/SttlmInf/SttlmAcct/Ccy,Ccy,ActiveOrHistoricCurrencyCode,0,1
pacs.029.001.02,/Document/MulSttlmReq/GrpHdr/SttlmInf/SttlmAcct/Nm,Nm,Max70Text,0,1
pacs.029.001.02,/Document/MulSttlmReq/GrpHdr/SttlmInf/SttlmAcct/Prxy,Prxy,ProxyAccountIdentification1,0,1
pacs.029.001.02,/Document/MulSttlmReq/GrpHdr/SttlmInf/SttlmAcct/Prxy/Tp,Tp,ProxyAccountType1Choice,0,1
pacs.029.001.02,/Document/MulSttlmReq/GrpHdr/SttlmInf/SttlmAcct/Prxy/Tp/Cd,Cd,ExternalProxyAccountType1Code,1,1
pacs.029.001.02,/Document/MulSttlmReq/GrpHdr/SttlmInf/SttlmAcct/Prxy/Tp/Prtry,Prtry,Max35Text,1,1
pacs.029.001.02,/Document/MulSttlmReq/GrpHdr/SttlmInf/SttlmAcct/Prxy/Id,Id,Max2048Text,1,1
pacs.029.001.02,/Document/MulSttlmReq/GrpHdr/SttlmInf/ClrSys,ClrSys,ClearingSystemIdentification3Choice,0,1
pacs.029.001.02,/Document/MulSttlmReq/GrpHdr/SttlmInf/ClrSys/Cd,Cd,ExternalCashClearingSystem1Code,1,1
pacs.029.001.02,/Document/MulSttlmReq/GrpHdr/SttlmInf/ClrSys/Prtry,Prtry,Max35Text,1,1
pacs.029.001.02,/Document/MulSttlmReq/SttlmReq,SttlmReq,MultilateralSettlementRequest3,1,
pacs.029.001.02,/Document/MulSttlmReq/SttlmReq/InstrId,InstrId,Max35Text,1,1
pacs.029.001.02,/Document/MulSttlmReq/SttlmReq/InstrPrty,InstrPrty,Priority3Code,0,1
pacs.029.001.02,/Document/MulSttlmReq/SttlmReq/SttlmTmReq,SttlmTmReq,SettlementTimeRequest2,0,1
pacs.029.001.02,/Document/MulSttlmReq/SttlmReq/SttlmTmReq/CLSTm,CLSTm,ISOTime,0,1
pacs.029.001.02,/Document/MulSttlmReq/SttlmReq/SttlmTmReq/TillTm,TillTm,ISOTime,0,1
pacs.029.001.02,/Document/MulSttlmReq/SttlmReq/SttlmTmReq/FrTm,FrTm,ISOTime,0,1
pacs.029.001.02,/Document/MulSttlmReq/SttlmReq/SttlmTmReq/RjctTm,RjctTm,ISOTime,0,1
pacs.029.001.02,/Document/MulSttlmReq/SttlmReq/SttlmPrty,SttlmPrty,Priority3Code,0,1
pacs.029.001.02,/Document/MulSttlmReq/SttlmReq/SttlmCycl,SttlmCycl,Max35Text,0,1
pacs.029.001.02,/Document/MulSttlmReq/SttlmReq/NbOfMvmntRcrds,NbOfMvmntRcrds,Number,0,1
pacs.029.001.02,/Document/MulSttlmReq/SttlmReq/MvmntRcrd,MvmntRcrd,MovementRecord2,2,
pacs.029.001.02,/Document/MulSttlmReq/SttlmReq/MvmntRcrd/Id,Id,Max35Text,1,1
pacs.029.001.02,/Document/MulSttlmReq/SttlmReq/MvmntRcrd/SeqNb,SeqNb,Number,0,1
pacs.029.001.02,/Document/MulSttlmReq/SttlmReq/MvmntRcrd/Amt,Amt,AmountAndDirection5,1,1
pacs.029.001.02,/Document/MulSttlmReq/SttlmReq/MvmntRcrd/Amt/Amt,Amt,ActiveCurrencyAndAmount,1,1
pacs.029.001.02,/Document/MulSttlmReq/SttlmReq/MvmntRcrd/Amt/CdtDbt,CdtDbt,CreditDebitCode,0,1
pacs.029.001.02,/Document/MulSttlmReq/SttlmReq/MvmntRcrd/SttlmAgt,SttlmAgt,PartyIdentification272,0,1
pacs.029.001.02,/Document/MulSttlmReq/SttlmReq/MvmntRcrd/SttlmAgt/Nm,Nm,Max140Text,0,1
pacs.029.001.02,/Document/MulSttlmReq/SttlmReq/MvmntRcrd/SttlmAgt/PstlAdr,PstlAdr,PostalAddress27,0,1
pacs.029.001.02,/Document/MulSttlmReq/SttlmReq/MvmntRcrd/SttlmAgt/PstlAdr/AdrTp,AdrTp,AddressType3Choice,0,1
pacs.029.001.02,/Document/MulSttlmReq/SttlmReq/MvmntRcrd/SttlmAgt/PstlAdr/AdrTp/Cd,Cd,AddressType2Code,1,1
pacs.029.001.02,/Document/MulSttlmReq/SttlmReq/MvmntRcrd/SttlmAgt/PstlAdr/AdrTp/Prtry,Prtry,GenericIdentification30,1,1
pacs.029.001.02,/Document/MulSttlmReq/SttlmReq/MvmntRcrd/SttlmAgt/PstlAdr/AdrTp/Prtry/Id,Id,Exact4AlphaNumericText,1,1
pacs.029.001.02,/Document/MulSttlmReq/SttlmReq/MvmntRcrd/SttlmAgt/PstlAdr/AdrTp/Prtry/Issr,Issr,Max35Text,1,1
pacs.029.001.02,/Document/MulSttlmReq/SttlmReq/MvmntRcrd/SttlmAgt/PstlAdr/AdrTp/Prtry/SchmeNm,SchmeNm,Max35Text,0,1
pacs.029.001.02,/Document/MulSttlmReq/SttlmReq/MvmntRcrd/SttlmAgt/PstlAdr/CareOf,CareOf,Max140Text,0,1
pacs.029.001.02,/Document/MulSttlmReq/SttlmReq/MvmntRcrd/SttlmAgt/PstlAdr/Dept,Dept,Max70Text,0,1
pacs.029.001.02,/Document/MulSttlmReq/SttlmReq/MvmntRcrd/SttlmAgt/PstlAdr/SubDept,SubDept,Max70Text,0,1
pacs.029.001.02,/Document/MulSttlmReq/SttlmReq/MvmntRcrd/SttlmAgt/PstlAdr/StrtNm,StrtNm,Max140Text,0,1
pacs.029.001.02,/Document/MulSttlmReq/SttlmReq/MvmntRcrd/SttlmAgt/PstlAdr/BldgNb,BldgNb,Max16Text,0,1
pacs.029.001.02,/Document/MulSttlmReq/SttlmReq/MvmntRcrd/SttlmAgt/PstlAdr/BldgNm,BldgNm,Max140Text,0,1
pacs.029.001.02,/Document/MulSttlmReq/SttlmReq/MvmntRcrd/SttlmAgt/PstlAdr/Flr,Flr,Max70Text,0,1
pacs.029.001.02,/Document/MulSttlmReq/SttlmReq/MvmntRcrd/SttlmAgt/PstlAdr/UnitNb,UnitNb,Max16Text,0,1
pacs.029.001.02,/Document/MulSttlmReq/SttlmReq/MvmntRcrd/SttlmAgt/PstlAdr/PstBx,PstBx,Max16Text,0,1
pacs.029.001.02,/Document/MulSttlmReq/SttlmReq/MvmntRcrd/SttlmAgt/PstlAdr/Room,Room,Max70Text,0,1
pacs.029.001.02,/Document/MulSttlmReq/SttlmReq/MvmntRcrd/SttlmAgt/PstlAdr/PstCd,PstCd,Max16Text,0,1
pacs.029.001.02,/Document/MulSttlmReq/SttlmReq/MvmntRcrd/SttlmAgt/PstlAdr/TwnNm,TwnNm,Max140Text,0,1
pacs.029.001.02,/Document/MulSttlmReq/SttlmReq/MvmntRcrd/SttlmAgt/PstlAdr/TwnLctnNm,TwnLctnNm,Max140Text,0,1
pacs.029.001.02,/Document/MulSttlmReq/SttlmReq/MvmntRcrd/SttlmAgt/PstlAdr/DstrctNm,DstrctNm,Max140Text,0,1
pacs.029.001.02,/Document/MulSttlmReq/SttlmReq/MvmntRcrd/SttlmAgt/PstlAdr/CtrySubDvsn,CtrySubDvsn,Max35Text,0,1
pacs.029.001.02,/Document/MulSttlmReq/SttlmReq/MvmntRcrd/SttlmAgt/PstlAdr/Ctry,Ctry,CountryCode,0,1
pacs.029.001.02,/Document/MulSttlmReq/SttlmReq/MvmntRcrd/SttlmAgt/PstlAdr/AdrLine,AdrLine,Max70Text,0,7
pacs.029.001.02,/Document/MulSttlmReq/SttlmReq/MvmntRcrd/SttlmAgt/Id,Id,Party52Choice,0,1
pacs.029.001.02,/Document/MulSttlmReq/SttlmReq/MvmntRcrd/SttlmAgt/Id/OrgId,OrgId,OrganisationIdentification39,1,1
pacs.029.001.02,/Document/MulSttlmReq/SttlmReq/MvmntRcrd/SttlmAgt/Id/OrgId/AnyBIC,AnyBIC,AnyBICDec2014Identifier,0,1
pacs.029.001.02,/Document/MulSttlmReq/SttlmReq/MvmntRcrd/SttlmAgt/Id/OrgId/LEI,LEI,LEIIdentifier,0,1
pacs.029.001.02,/Document/MulSttlmReq/SttlmReq/MvmntRcrd/SttlmAgt/Id/OrgId/Othr,Othr,GenericOrganisationIdentification3,0,
pacs.029.001.02,/Document/MulSttlmReq/SttlmReq/MvmntRcrd/SttlmAgt/Id/OrgId/Othr/Id,Id,Max256Text,1,1
pacs.029.001.02,/Document/MulSttlmReq/SttlmReq/MvmntRcrd/SttlmAgt/Id/OrgId/Othr/SchmeNm,SchmeNm,OrganisationIdentificationSchemeName1Choice,0,1
pacs.029.001.02,/Document/MulSttlmReq/SttlmReq/MvmntRcrd/SttlmAgt/Id/OrgId/Othr/SchmeNm/Cd,Cd,ExternalOrganisationIdentification1Code,1,1
pacs.029.001.02,/Document/MulSttlmReq/SttlmReq/MvmntRcrd/SttlmAgt/Id/OrgId/Othr/SchmeNm/Prtry,Prtry,Max35Text,1,1
pacs.029.001.02,/Document/MulSttlmReq/SttlmReq/MvmntRcrd/SttlmAgt/Id/OrgId/Othr/Issr,Issr,Max35Text,0,1
pacs.029.001.02,/Document/MulSttlmReq/SttlmReq/MvmntRcrd/SttlmAgt/Id/PrvtId,PrvtId,PersonIdentification18,1,1
pacs.029.001.02,/Document/MulSttlmReq/SttlmReq/MvmntRcrd/SttlmAgt/Id/PrvtId/DtAndPlcOfBirth,DtAndPlcOfBirth,DateAndPlaceOfBirth1,0,1
pacs.029.001.02,/Document/MulSttlmReq/SttlmReq/MvmntRcrd/SttlmAgt/Id/PrvtId/DtAndPlcOfBirth/BirthDt,BirthDt,ISODate,1,1
pacs.029.001.02,/Document/MulSttlmReq/SttlmReq/MvmntRcrd/SttlmAgt/Id/PrvtId/DtAndPlcOfBirth/PrvcOfBirth,PrvcOfBirth,Max35Text,0,1
pacs.029.001.02,/Document/MulSttlmReq/SttlmReq/MvmntRcrd/SttlmAgt/Id/PrvtId/DtAndPlcOfBirth/CityOfBirth,CityOfBirth,Max35Text,1,1
pacs.029.001.02,/Document/MulSttlmReq/SttlmReq/MvmntRcrd/SttlmAgt/Id/PrvtId/DtAndPlcOfBirth/CtryOfBirth,CtryOfBirth,CountryCode,1,1
pacs.029.001.02,/Document/MulSttlmReq/SttlmReq/MvmntRcrd/SttlmAgt/Id/PrvtId/Othr,Othr,GenericPersonIdentification2,0,
pacs.029.001.02,/Document/MulSttlmReq/SttlmReq/MvmntRcrd/SttlmAgt/Id/PrvtId/Othr/Id,Id,Max256Text,1,1
pacs.029.001.02,/Document/MulSttlmReq/SttlmReq/MvmntRcrd/SttlmAgt/Id/PrvtId/Othr/SchmeNm,SchmeNm,PersonIdentificationSchemeName1Choice,0,1
pacs.029.001.02,/Document/MulSttlmReq/SttlmReq/MvmntRcrd/SttlmAgt/Id/PrvtId/Othr/SchmeNm/Cd,Cd,ExternalPersonIdentification1Code,1,1
pacs.029.001.02,/Document/MulSttlmReq/SttlmReq/MvmntRcrd/SttlmAgt/Id/PrvtId/Othr/SchmeNm/Prtry,Prtry,Max35Text,1,1
pacs.029.001.02,/Document/MulSttlmReq/SttlmReq/MvmntRcrd/SttlmAgt/Id/PrvtId/Othr/Issr,Issr,Max35Text,0,1
pacs.029.001.02,/Document/MulSttlmReq/SttlmReq/MvmntRcrd/SttlmAgt/CtryOfRes,CtryOfRes,CountryCode,0,1
pacs.029.001.02,/Document/MulSttlmReq/SttlmReq/MvmntRcrd/SttlmAgt/CtctDtls,CtctDtls,Contact13,0,1
pacs.029.001.02,/Document/MulSttlmReq/SttlmReq/MvmntRcrd/SttlmAgt/CtctDtls/NmPrfx,NmPrfx,NamePrefix2Code,0,1
pacs.029.001.02,/Document/MulSttlmReq/SttlmReq/MvmntRcrd/SttlmAgt/CtctDtls/Nm,Nm,Max140Text,0,1
pacs.029.001.02,/Document/MulSttlmReq/SttlmReq/MvmntRcrd/SttlmAgt/CtctDtls/PhneNb,PhneNb,PhoneNumber,0,1
pacs.029.001.02,/Document/MulSttlmReq/SttlmReq/MvmntRcrd/SttlmAgt/CtctDtls/MobNb,MobNb,PhoneNumber,0,1
pacs.029.001.02,/Document/MulSttlmReq/SttlmReq/MvmntRcrd/SttlmAgt/CtctDtls/FaxNb,FaxNb,PhoneNumber,0,1
pacs.029.001.02,/Document/MulSttlmReq/SttlmReq/MvmntRcrd/SttlmAgt/CtctDtls/URLAdr,URLAdr,Max2048Text,0,1
pacs.029.001.02,/Document/MulSttlmReq/SttlmReq/MvmntRcrd/SttlmAgt/CtctDtls/EmailAdr,EmailAdr,Max256Text,0,1
pacs.029.001.02,/Document/MulSttlmReq/SttlmReq/MvmntRcrd/SttlmAgt/CtctDtls/EmailPurp,EmailPurp,Max35Text,0,1
pacs.029.001.02,/Document/MulSttlmReq/SttlmReq/MvmntRcrd/SttlmAgt/CtctDtls/JobTitl,JobTitl,Max35Text,0,1
pacs.029.001.02,/Document/MulSttlmReq/SttlmReq/MvmntRcrd/SttlmAgt/CtctDtls/Rspnsblty,Rspnsblty,Max35Text,0,1
pacs.029.001.02,/Document/MulSttlmReq/SttlmReq/MvmntRcrd/SttlmAgt/CtctDtls/Dept,Dept,Max70Text,0,1
pacs.029.001.02,/Document/MulSttlmReq/SttlmReq/MvmntRcrd/SttlmAgt/CtctDtls/Othr,Othr,OtherContact1,0,
pacs.029.001.02,/Document/MulSttlmReq/SttlmReq/MvmntRcrd/SttlmAgt/CtctDtls/Othr/ChanlTp,ChanlTp,Max4Text,1,1
pacs.029.001.02,/Document/MulSttlmReq/SttlmReq/MvmntRcrd/SttlmAgt/CtctDtls/Othr/Id,Id,Max128Text,0,1
pacs.029.001.02,/Document/MulSttlmReq/SttlmReq/MvmntRcrd/SttlmAgt/CtctDtls/PrefrdMtd,PrefrdMtd,PreferredContactMethod2Code,0,1
pacs.029.001.02,/Document/MulSttlmReq/SttlmReq/MvmntRcrd/SttlmAgtAcct,SttlmAgtAcct,CashAccount40,0,1
pacs.029.001.02,/Document/MulSttlmReq/SttlmReq/MvmntRcrd/SttlmAgtAcct/Id,Id,AccountIdentification4Choice,0,1
pacs.029.001.02,/Document/MulSttlmReq/SttlmReq/MvmntRcrd/SttlmAgtAcct/Id/IBAN,IBAN,IBAN2007Identifier,1,1
pacs.029.001.02,/Document/MulSttlmReq/SttlmReq/MvmntRcrd/SttlmAgtAcct/Id/Othr,Othr,GenericAccountIdentification1,1,1
pacs.029.001.02,/Document/MulSttlmReq/SttlmReq/MvmntRcrd/SttlmAgtAcct/Id/Othr/Id,Id,Max34Text,1,1
pacs.029.001.02,/Document/MulSttlmReq/SttlmReq/MvmntRcrd/SttlmAgtAcct/Id/Othr/SchmeNm,SchmeNm,AccountSchemeName1Choice,0,1
pacs.029.001.02,/Document/MulSttlmReq/SttlmReq/MvmntRcrd/SttlmAgtAcct/Id/Othr/SchmeNm/Cd,Cd,ExternalAccountIdentification1Code,1,1
pacs.029.001.02,/Document/MulSttlmReq/SttlmReq/MvmntRcrd/SttlmAgtAcct/Id/Othr/SchmeNm/Prtry,Prtry,Max35Text,1,1
pacs.029.001.02,/Document/MulSttlmReq/SttlmReq/MvmntRcrd/SttlmAgtAcct/Id/Othr/Issr,Issr,Max35Text,0,1
pacs.029.001.02,/Document/MulSttlmReq/SttlmReq/MvmntRcrd/SttlmAgtAcct/Tp,Tp,CashAccountType2Choice,0,1
pacs.029.001.02,/Document/MulSttlmReq/SttlmReq/MvmntRcrd/SttlmAgtAcct/Tp/Cd,Cd,ExternalCashAccountType1Code,1,1
pacs.029.001.02,/Document/MulSttlmReq/SttlmReq/MvmntRcrd/SttlmAgtAcct/Tp/Prtry,Prtry,Max35Text,1,1
pacs.029.001.02,/Document/MulSttlmReq/SttlmReq/MvmntRcrd/SttlmAgtAcct/Ccy,Ccy,ActiveOrHistoricCurrencyCode,0,1
pacs.029.001.02,/Document/MulSttlmReq/SttlmReq/MvmntRcrd/SttlmAgtAcct/Nm,Nm,Max70Text,0,1
pacs.029.001.02,/Document/MulSttlmReq/SttlmReq/MvmntRcrd/SttlmAgtAcct/Prxy,Prxy,ProxyAccountIdentification1,0,1
pacs.029.001.02,/Document/MulSttlmReq/SttlmReq/MvmntRcrd/SttlmAgtAcct/Prxy/Tp,Tp,ProxyAccountType1Choice,0,1
pacs.029.001.02,/Document/MulSttlmReq/SttlmReq/MvmntRcrd/SttlmAgtAcct/Prxy/Tp/Cd,Cd,ExternalProxyAccountType1Code,1,1
pacs.029.001.02,/Document/MulSttlmReq/SttlmReq/MvmntRcrd/SttlmAgtAcct/Prxy/Tp/Prtry,Prtry,Max35Text,1,1
pacs.029.001.02,/Document/MulSttlmReq/SttlmReq/MvmntRcrd/SttlmAgtAcct/Prxy/Id,Id,Max2048Text,1,1
pacs.029.001.02,/Document/MulSttlmReq/SttlmReq/MvmntRcrd/Ptcpt,Ptcpt,PartyIdentification272,0,1
pacs.029.001.02,/Document/MulSttlmReq/SttlmReq/MvmntRcrd/Ptcpt/Nm,Nm,Max140Text,0,1
pacs.029.001.02,/Document/MulSttlmReq/SttlmReq/MvmntRcrd/Ptcpt/PstlAdr,PstlAdr,PostalAddress27,0,1
pacs.029.001.02,/Document/MulSttlmReq/SttlmReq/MvmntRcrd/Ptcpt/PstlAdr/AdrTp,AdrTp,AddressType3Choice,0,1
pacs.029.001.02,/Document/MulSttlmReq/SttlmReq/MvmntRcrd/Ptcpt/PstlAdr/AdrTp/Cd,Cd,AddressType2Code,1,1
pacs.029.001.02,/Document/MulSttlmReq/SttlmReq/MvmntRcrd/Ptcpt/PstlAdr/AdrTp/Prtry,Prtry,GenericIdentification30,1,1
pacs.029.001.02,/Document/MulSttlmReq/SttlmReq/MvmntRcrd/Ptcpt/PstlAdr/AdrTp/Prtry/Id,Id,Exact4AlphaNumericText,1,1
pacs.029.001.02,/Document/MulSttlmReq/SttlmReq/MvmntRcrd/Ptcpt/PstlAdr/AdrTp/Prtry/Issr,Issr,Max35Text,1,1
pacs.029.001.02,/Document/MulSttlmReq/SttlmReq/MvmntRcrd/Ptcpt/PstlAdr/AdrTp/Prtry/SchmeNm,SchmeNm,Max35Text,0,1
pacs.029.001.02,/Document/MulSttlmReq/SttlmReq/MvmntRcrd/Ptcpt/PstlAdr/CareOf,CareOf,Max140Text,0,1
pacs.029.001.02,/Document/MulSttlmReq/SttlmReq/MvmntRcrd/Ptcpt/PstlAdr/Dept,Dept,Max70Text,0,1
pacs.029.001.02,/Document/MulSttlmReq/SttlmReq/MvmntRcrd/Ptcpt/PstlAdr/SubDept,SubDept,Max70Text,0,1
pacs.029.001.02,/Document/MulSttlmReq/SttlmReq/MvmntRcrd/Ptcpt/PstlAdr/StrtNm,StrtNm,Max140Text,0,1
pacs.029.001.02,/Document/MulSttlmReq/SttlmReq/MvmntRcrd/Ptcpt/PstlAdr/BldgNb,BldgNb,Max16Text,0,1
pacs.029.001.02,/Document/MulSttlmReq/SttlmReq/MvmntRcrd/Ptcpt/PstlAdr/BldgNm,BldgNm,Max140Text,0,1
pacs.029.001.02,/Document/MulSttlmReq/SttlmReq/MvmntRcrd/Ptcpt/PstlAdr/Flr,Flr,Max70Text,0,1
pacs.029.001.02,/Document/MulSttlmReq/SttlmReq/MvmntRcrd/Ptcpt/PstlAdr/UnitNb,UnitNb,Max16Text,0,1
pacs.029.001.02,/Document/MulSttlmReq/SttlmReq/MvmntRcrd/Ptcpt/PstlAdr/PstBx,PstBx,Max16Text,0,1
pacs.029.001.02,/Document/MulSttlmReq/SttlmReq/MvmntRcrd/Ptcpt/PstlAdr/Room,Room,Max70Text,0,1
pacs.029.001.02,/Document/MulSttlmReq/SttlmReq/MvmntRcrd/Ptcpt/PstlAdr/PstCd,PstCd,Max16Text,0,1
pacs.029.001.02,/Document/MulSttlmReq/SttlmReq/MvmntRcrd/Ptcpt/PstlAdr/TwnNm,TwnNm,Max140Text,0,1
pacs.029.001.02,/Document/MulSttlmReq/SttlmReq/MvmntRcrd/Ptcpt/PstlAdr/TwnLctnNm,TwnLctnNm,Max140Text,0,1
pacs.029.001.02,/Document/MulSttlmReq/SttlmReq/MvmntRcrd/Ptcpt/PstlAdr/DstrctNm,DstrctNm,Max140Text,0,1
pacs.029.001.02,/Document/MulSttlmReq/SttlmReq/MvmntRcrd/Ptcpt/PstlAdr/CtrySubDvsn,CtrySubDvsn,Max35Text,0,1
pacs.029.001.02,/Document/MulSttlmReq/SttlmReq/MvmntRcrd/Ptcpt/PstlAdr/Ctry,Ctry,CountryCode,0,1
pacs.029.001.02,/Document/MulSttlmReq/SttlmReq/MvmntRcrd/Ptcpt/PstlAdr/AdrLine,AdrLine,Max70Text,0,7
pacs.029.001.02,/Document/MulSttlmReq/SttlmReq/MvmntRcrd/Ptcpt/Id,Id,Party52Choice,0,1
pacs.029.001.02,/Document/MulSttlmReq/SttlmReq/MvmntRcrd/Ptcpt/Id/OrgId,OrgId,OrganisationIdentification39,1,1
pacs.029.001.02,/Document/MulSttlmReq/SttlmReq/MvmntRcrd/Ptcpt/Id/OrgId/AnyBIC,AnyBIC,AnyBICDec2014Identifier,0,1
pacs.029.001.02,/Document/MulSttlmReq/SttlmReq/MvmntRcrd/Ptcpt/Id/OrgId/LEI,LEI,LEIIdentifier,0,1
pacs.029.001.02,/Document/MulSttlmReq/SttlmReq/MvmntRcrd/Ptcpt/Id/OrgId/Othr,Othr,GenericOrganisationIdentification3,0,
pacs.029.001.02,/Document/MulSttlmReq/SttlmReq/MvmntRcrd/Ptcpt/Id/OrgId/Othr/Id,Id,Max256Text,1,1
pacs.029.001.02,/Document/MulSttlmReq/SttlmReq/MvmntRcrd/Ptcpt/Id/OrgId/Othr/SchmeNm,SchmeNm,OrganisationIdentificationSchemeName1Choice,0,1
pacs.029.001.02,/Document/MulSttlmReq/SttlmReq/MvmntRcrd/Ptcpt/Id/OrgId/Othr/SchmeNm/Cd,Cd,ExternalOrganisationIdentification1Code,1,1
pacs.029.001.02,/Document/MulSttlmReq/SttlmReq/MvmntRcrd/Ptcpt/Id/OrgId/Othr/SchmeNm/Prtry,Prtry,Max35Text,1,1
pacs.029.001.02,/Document/MulSttlmReq/SttlmReq/MvmntRcrd/Ptcpt/Id/OrgId/Othr/Issr,Issr,Max35Text,0,1
pacs.029.001.02,/Document/MulSttlmReq/SttlmReq/MvmntRcrd/Ptcpt/Id/PrvtId,PrvtId,PersonIdentification18,1,1
pacs.029.001.02,/Document/MulSttlmReq/SttlmReq/MvmntRcrd/Ptcpt/Id/PrvtId/DtAndPlcOfBirth,DtAndPlcOfBirth,DateAndPlaceOfBirth1,0,1
pacs.029.001.02,/Document/MulSttlmReq/SttlmReq/MvmntRcrd/Ptcpt/Id/PrvtId/DtAndPlcOfBirth/BirthDt,BirthDt,ISODate,1,1
pacs.029.001.02,/Document/MulSttlmReq/SttlmReq/MvmntRcrd/Ptcpt/Id/PrvtId/DtAndPlcOfBirth/PrvcOfBirth,PrvcOfBirth,Max35Text,0,1
pacs.029.001.02,/Document/MulSttlmReq/SttlmReq/MvmntRcrd/Ptcpt/Id/PrvtId/DtAndPlcOfBirth/CityOfBirth,CityOfBirth,Max35Text,1,1
pacs.029.001.02,/Document/MulSttlmReq/SttlmReq/MvmntRcrd/Ptcpt/Id/PrvtId/DtAndPlcOfBirth/CtryOfBirth,CtryOfBirth,CountryCode,1,1
pacs.029.001.02,/Document/MulSttlmReq/SttlmReq/MvmntRcrd/Ptcpt/Id/PrvtId/Othr,Othr,GenericPersonIdentification2,0,
pacs.029.001.02,/Document/MulSttlmReq/SttlmReq/MvmntRcrd/Ptcpt/Id/PrvtId/Othr/Id,Id,Max256Text,1,1
pacs.029.001.02,/Document/MulSttlmReq/SttlmReq/MvmntRcrd/Ptcpt/Id/PrvtId/Othr/SchmeNm,SchmeNm,PersonIdentificationSchemeName1Choice,0,1
pacs.029.001.02,/Document/MulSttlmReq/SttlmReq/MvmntRcrd/Ptcpt/Id/PrvtId/Othr/SchmeNm/Cd,Cd,ExternalPersonIdentification1Code,1,1
pacs.029.001.02,/Document/MulSttlmReq/SttlmReq/MvmntRcrd/Ptcpt/Id/PrvtId/Othr/SchmeNm/Prtry,Prtry,Max35Text,1,1
pacs.029.001.02,/Document/MulSttlmReq/SttlmReq/MvmntRcrd/Ptcpt/Id/PrvtId/Othr/Issr,Issr,Max35Text,0,1
pacs.029.001.02,/Document/MulSttlmReq/SttlmReq/MvmntRcrd/Ptcpt/CtryOfRes,CtryOfRes,CountryCode,0,1
pacs.029.001.02,/Document/MulSttlmReq/SttlmReq/MvmntRcrd/Ptcpt/CtctDtls,CtctDtls,Contact13,0,1
pacs.029.001.02,/Document/MulSttlmReq/SttlmReq/MvmntRcrd/Ptcpt/CtctDtls/NmPrfx,NmPrfx,NamePrefix2Code,0,1
pacs.029.001.02,/Document/MulSttlmReq/SttlmReq/MvmntRcrd/Ptcpt/CtctDtls/Nm,Nm,Max140Text,0,1
pacs.029.001.02,/Document/MulSttlmReq/SttlmReq/MvmntRcrd/Ptcpt/CtctDtls/PhneNb,PhneNb,PhoneNumber,0,1
pacs.029.001.02,/Document/MulSttlmReq/SttlmReq/MvmntRcrd/Ptcpt/CtctDtls/MobNb,MobNb,PhoneNumber,0,1
pacs.029.001.02,/Document/MulSttlmReq/SttlmReq/MvmntRcrd/Ptcpt/CtctDtls/FaxNb,FaxNb,PhoneNumber,0,1
pacs.029.001.02,/Document/MulSttlmReq/SttlmReq/MvmntRcrd/Ptcpt/CtctDtls/URLAdr,URLAdr,Max2048Text,0,1
pacs.029.001.02,/Document/MulSttlmReq/SttlmReq/MvmntRcrd/Ptcpt/CtctDtls/EmailAdr,EmailAdr,Max256Text,0,1
pacs.029.001.02,/Document/MulSttlmReq/SttlmReq/MvmntRcrd/Ptcpt/CtctDtls/EmailPurp,EmailPurp,Max35Text,0,1
pacs.029.001.02,/Document/MulSttlmReq/SttlmReq/MvmntRcrd/Ptcpt/CtctDtls/JobTitl,JobTitl,Max35Text,0,1
pacs.029.001.02,/Document/MulSttlmReq/SttlmReq/MvmntRcrd/Ptcpt/CtctDtls/Rspnsblty,Rspnsblty,Max35Text,0,1
pacs.029.001.02,/Document/MulSttlmReq/SttlmReq/MvmntRcrd/Ptcpt/CtctDtls/Dept,Dept,Max70Text,0,1
pacs.029.001.02,/Document/MulSttlmReq/SttlmReq/MvmntRcrd/Ptcpt/CtctDtls/Othr,Othr,OtherContact1,0,
pacs.029.001.02,/Document/MulSttlmReq/SttlmReq/MvmntRcrd/Ptcpt/CtctDtls/Othr/ChanlTp,ChanlTp,Max4Text,1,1
pacs.029.001.02,/Document/MulSttlmReq/SttlmReq/MvmntRcrd/Ptcpt/CtctDtls/Othr/Id,Id,Max128Text,0,1
pacs.029.001.02,/Document/MulSttlmReq/SttlmReq/MvmntRcrd/Ptcpt/CtctDtls/PrefrdMtd,PrefrdMtd,PreferredContactMethod2Code,0,1
pacs.029.001.02,/Document/MulSttlmReq/SttlmReq/MvmntRcrd/PtcptAcct,PtcptAcct,CashAccount40,0,1
pacs.029.001.02,/Document/MulSttlmReq/SttlmReq/MvmntRcrd/PtcptAcct/Id,Id,AccountIdentification4Choice,0,1
pacs.029.001.02,/Document/MulSttlmReq/SttlmReq/MvmntRcrd/PtcptAcct/Id/IBAN,IBAN,IBAN2007Identifier,1,1
pacs.029.001.02,/Document/MulSttlmReq/SttlmReq/MvmntRcrd/PtcptAcct/Id/Othr,Othr,GenericAccountIdentification1,1,1
pacs.029.001.02,/Document/MulSttlmReq/SttlmReq/MvmntRcrd/PtcptAcct/Id/Othr/Id,Id,Max34Text,1,1
pacs.029.001.02,/Document/MulSttlmReq/SttlmReq/MvmntRcrd/PtcptAcct/Id/Othr/SchmeNm,SchmeNm,AccountSchemeName1Choice,0,1
pacs.029.001.02,/Document/MulSttlmReq/SttlmReq/MvmntRcrd/PtcptAcct/Id/Othr/SchmeNm/Cd,Cd,ExternalAccountIdentification1Code,1,1
pacs.029.001.02,/Document/MulSttlmReq/SttlmReq/MvmntRcrd/PtcptAcct/Id/Othr/SchmeNm/Prtry,Prtry,Max35Text,1,1
pacs.029.001.02,/Document/MulSttlmReq/SttlmReq/MvmntRcrd/PtcptAcct/Id/Othr/Issr,Issr,Max35Text,0,1
pacs.029.001.02,/Document/MulSttlmReq/SttlmReq/MvmntRcrd/PtcptAcct/Tp,Tp,CashAccountType2Choice,0,1
pacs.029.001.02,/Document/MulSttlmReq/SttlmReq/MvmntRcrd/PtcptAcct/Tp/Cd,Cd,ExternalCashAccountType1Code,1,1
pacs.029.001.02,/Document/MulSttlmReq/SttlmReq/MvmntRcrd/PtcptAcct/Tp/Prtry,Prtry,Max35Text,1,1
pacs.029.001.02,/Document/MulSttlmReq/SttlmReq/MvmntRcrd/PtcptAcct/Ccy,Ccy,ActiveOrHistoricCurrencyCode,0,1
pacs.029.001.02,/Document/MulSttlmReq/SttlmReq/MvmntRcrd/PtcptAcct/Nm,Nm,Max70Text,0,1
pacs.029.001.02,/Document/MulSttlmReq/SttlmReq/MvmntRcrd/PtcptAcct/Prxy,Prxy,ProxyAccountIdentification1,0,1
pacs.029.001.02,/Document/MulSttlmReq/SttlmReq/MvmntRcrd/PtcptAcct/Prxy/Tp,Tp,ProxyAccountType1Choice,0,1
pacs.029.001.02,/Document/MulSttlmReq/SttlmReq/MvmntRcrd/PtcptAcct/Prxy/Tp/Cd,Cd,ExternalProxyAccountType1Code,1,1
pacs.029.001.02,/Document/MulSttlmReq/SttlmReq/MvmntRcrd/PtcptAcct/Prxy/Tp/Prtry,Prtry,Max35Text,1,1
pacs.029.001.02,/Document/MulSttlmReq/SttlmReq/MvmntRcrd/PtcptAcct/Prxy/Id,Id,Max2048Text,1,1
pacs.029.001.02,/Document/MulSttlmReq/SttlmReq/MvmntRcrd/Ref,Ref,Max35Text,0,1
pacs.029.001.02,/Document/MulSttlmReq/SplmtryData,SplmtryData,SupplementaryData1,0,1
pacs.029.001.02,/Document/MulSttlmReq/SplmtryData/PlcAndNm,PlcAndNm,Max350Text,0,1
pacs.029.001.02,/Document/MulSttlmReq/SplmtryData/Envlp,Envlp,SupplementaryDataEnvelope1,1,1
